path,videofolder,videoname
/home/cnn3d/Escritorio/tfm/DeepfakeTIMIT/dftimitreal/fjem0/sx364,0
/home/cnn3d/Escritorio/tfm/DeepfakeTIMIT/dftimitreal/fjem0/sx4,1
/home/cnn3d/Escritorio/tfm/DeepfakeTIMIT/dftimitreal/fjem0/si1894,2
/home/cnn3d/Escritorio/tfm/DeepfakeTIMIT/dftimitreal/fjem0/sa1,3
/home/cnn3d/Escritorio/tfm/DeepfakeTIMIT/dftimitreal/fjem0/sa2,4
/home/cnn3d/Escritorio/tfm/DeepfakeTIMIT/dftimitreal/fjem0/si1264,5
/home/cnn3d/Escritorio/tfm/DeepfakeTIMIT/dftimitreal/fjem0/sx274,6
/home/cnn3d/Escritorio/tfm/DeepfakeTIMIT/dftimitreal/fjem0/sx184,7
/home/cnn3d/Escritorio/tfm/DeepfakeTIMIT/dftimitreal/fjem0/sx94,8
/home/cnn3d/Escritorio/tfm/DeepfakeTIMIT/dftimitreal/fjem0/si634,9
/home/cnn3d/Escritorio/tfm/DeepfakeTIMIT/dftimitreal/mtas1/si838,10
/home/cnn3d/Escritorio/tfm/DeepfakeTIMIT/dftimitreal/mtas1/sx298,11
/home/cnn3d/Escritorio/tfm/DeepfakeTIMIT/dftimitreal/mtas1/sx28,12
/home/cnn3d/Escritorio/tfm/DeepfakeTIMIT/dftimitreal/mtas1/si1473,13
/home/cnn3d/Escritorio/tfm/DeepfakeTIMIT/dftimitreal/mtas1/sa1,14
/home/cnn3d/Escritorio/tfm/DeepfakeTIMIT/dftimitreal/mtas1/si2098,15
/home/cnn3d/Escritorio/tfm/DeepfakeTIMIT/dftimitreal/mtas1/sx388,16
/home/cnn3d/Escritorio/tfm/DeepfakeTIMIT/dftimitreal/mtas1/sa2,17
/home/cnn3d/Escritorio/tfm/DeepfakeTIMIT/dftimitreal/mtas1/sx118,18
/home/cnn3d/Escritorio/tfm/DeepfakeTIMIT/dftimitreal/mtas1/sx208,19
/home/cnn3d/Escritorio/tfm/DeepfakeTIMIT/dftimitreal/mrgg0/si569,20
/home/cnn3d/Escritorio/tfm/DeepfakeTIMIT/dftimitreal/mrgg0/sx209,21
/home/cnn3d/Escritorio/tfm/DeepfakeTIMIT/dftimitreal/mrgg0/sx119,22
/home/cnn3d/Escritorio/tfm/DeepfakeTIMIT/dftimitreal/mrgg0/si1199,23
/home/cnn3d/Escritorio/tfm/DeepfakeTIMIT/dftimitreal/mrgg0/sa1,24
/home/cnn3d/Escritorio/tfm/DeepfakeTIMIT/dftimitreal/mrgg0/sx29,25
/home/cnn3d/Escritorio/tfm/DeepfakeTIMIT/dftimitreal/mrgg0/sa2,26
/home/cnn3d/Escritorio/tfm/DeepfakeTIMIT/dftimitreal/mrgg0/sx299,27
/home/cnn3d/Escritorio/tfm/DeepfakeTIMIT/dftimitreal/mrgg0/si1829,28
/home/cnn3d/Escritorio/tfm/DeepfakeTIMIT/dftimitreal/mrgg0/sx389,29
/home/cnn3d/Escritorio/tfm/DeepfakeTIMIT/dftimitreal/mabw0/si1230,30
/home/cnn3d/Escritorio/tfm/DeepfakeTIMIT/dftimitreal/mabw0/sx134,31
/home/cnn3d/Escritorio/tfm/DeepfakeTIMIT/dftimitreal/mabw0/sx224,32
/home/cnn3d/Escritorio/tfm/DeepfakeTIMIT/dftimitreal/mabw0/sx404,33
/home/cnn3d/Escritorio/tfm/DeepfakeTIMIT/dftimitreal/mabw0/sx44,34
/home/cnn3d/Escritorio/tfm/DeepfakeTIMIT/dftimitreal/mabw0/sx314,35
/home/cnn3d/Escritorio/tfm/DeepfakeTIMIT/dftimitreal/mabw0/sa1,36
/home/cnn3d/Escritorio/tfm/DeepfakeTIMIT/dftimitreal/mabw0/si2294,37
/home/cnn3d/Escritorio/tfm/DeepfakeTIMIT/dftimitreal/mabw0/si1664,38
/home/cnn3d/Escritorio/tfm/DeepfakeTIMIT/dftimitreal/mabw0/sa2,39
/home/cnn3d/Escritorio/tfm/DeepfakeTIMIT/dftimitreal/mmdm2/si1425,40
/home/cnn3d/Escritorio/tfm/DeepfakeTIMIT/dftimitreal/mmdm2/sx282,41
/home/cnn3d/Escritorio/tfm/DeepfakeTIMIT/dftimitreal/mmdm2/sx12,42
/home/cnn3d/Escritorio/tfm/DeepfakeTIMIT/dftimitreal/mmdm2/si2028,43
/home/cnn3d/Escritorio/tfm/DeepfakeTIMIT/dftimitreal/mmdm2/sa1,44
/home/cnn3d/Escritorio/tfm/DeepfakeTIMIT/dftimitreal/mmdm2/sx372,45
/home/cnn3d/Escritorio/tfm/DeepfakeTIMIT/dftimitreal/mmdm2/si1555,46
/home/cnn3d/Escritorio/tfm/DeepfakeTIMIT/dftimitreal/mmdm2/sx102,47
/home/cnn3d/Escritorio/tfm/DeepfakeTIMIT/dftimitreal/mmdm2/sa2,48
/home/cnn3d/Escritorio/tfm/DeepfakeTIMIT/dftimitreal/mmdm2/sx192,49
/home/cnn3d/Escritorio/tfm/DeepfakeTIMIT/dftimitreal/mmdb1/sx5,50
/home/cnn3d/Escritorio/tfm/DeepfakeTIMIT/dftimitreal/mmdb1/sx185,51
/home/cnn3d/Escritorio/tfm/DeepfakeTIMIT/dftimitreal/mmdb1/sx365,52
/home/cnn3d/Escritorio/tfm/DeepfakeTIMIT/dftimitreal/mmdb1/si995,53
/home/cnn3d/Escritorio/tfm/DeepfakeTIMIT/dftimitreal/mmdb1/sa1,54
/home/cnn3d/Escritorio/tfm/DeepfakeTIMIT/dftimitreal/mmdb1/si2255,55
/home/cnn3d/Escritorio/tfm/DeepfakeTIMIT/dftimitreal/mmdb1/sx1625,56
/home/cnn3d/Escritorio/tfm/DeepfakeTIMIT/dftimitreal/mmdb1/sa2,57
/home/cnn3d/Escritorio/tfm/DeepfakeTIMIT/dftimitreal/mmdb1/sx275,58
/home/cnn3d/Escritorio/tfm/DeepfakeTIMIT/dftimitreal/mmdb1/sx95,59
/home/cnn3d/Escritorio/tfm/DeepfakeTIMIT/dftimitreal/faks0/sx133,60
/home/cnn3d/Escritorio/tfm/DeepfakeTIMIT/dftimitreal/faks0/sx43,61
/home/cnn3d/Escritorio/tfm/DeepfakeTIMIT/dftimitreal/faks0/sx223,62
/home/cnn3d/Escritorio/tfm/DeepfakeTIMIT/dftimitreal/faks0/sx403,63
/home/cnn3d/Escritorio/tfm/DeepfakeTIMIT/dftimitreal/faks0/si943,64
/home/cnn3d/Escritorio/tfm/DeepfakeTIMIT/dftimitreal/faks0/si1573,65
/home/cnn3d/Escritorio/tfm/DeepfakeTIMIT/dftimitreal/faks0/sx313,66
/home/cnn3d/Escritorio/tfm/DeepfakeTIMIT/dftimitreal/faks0/sa1,67
/home/cnn3d/Escritorio/tfm/DeepfakeTIMIT/dftimitreal/faks0/sa2,68
/home/cnn3d/Escritorio/tfm/DeepfakeTIMIT/dftimitreal/faks0/si2203,69
/home/cnn3d/Escritorio/tfm/DeepfakeTIMIT/dftimitreal/fcmh0/si1454,70
/home/cnn3d/Escritorio/tfm/DeepfakeTIMIT/dftimitreal/fcmh0/si2084,71
/home/cnn3d/Escritorio/tfm/DeepfakeTIMIT/dftimitreal/fcmh0/sx194,72
/home/cnn3d/Escritorio/tfm/DeepfakeTIMIT/dftimitreal/fcmh0/sa1,73
/home/cnn3d/Escritorio/tfm/DeepfakeTIMIT/dftimitreal/fcmh0/sx14,74
/home/cnn3d/Escritorio/tfm/DeepfakeTIMIT/dftimitreal/fcmh0/sx104,75
/home/cnn3d/Escritorio/tfm/DeepfakeTIMIT/dftimitreal/fcmh0/sa2,76
/home/cnn3d/Escritorio/tfm/DeepfakeTIMIT/dftimitreal/fcmh0/sx374,77
/home/cnn3d/Escritorio/tfm/DeepfakeTIMIT/dftimitreal/fcmh0/si824,78
/home/cnn3d/Escritorio/tfm/DeepfakeTIMIT/dftimitreal/fcmh0/sx284,79
/home/cnn3d/Escritorio/tfm/DeepfakeTIMIT/dftimitreal/mjar0/sx98,80
/home/cnn3d/Escritorio/tfm/DeepfakeTIMIT/dftimitreal/mjar0/si1988,81
/home/cnn3d/Escritorio/tfm/DeepfakeTIMIT/dftimitreal/mjar0/si728,82
/home/cnn3d/Escritorio/tfm/DeepfakeTIMIT/dftimitreal/mjar0/si2247,83
/home/cnn3d/Escritorio/tfm/DeepfakeTIMIT/dftimitreal/mjar0/sx368,84
/home/cnn3d/Escritorio/tfm/DeepfakeTIMIT/dftimitreal/mjar0/sx188,85
/home/cnn3d/Escritorio/tfm/DeepfakeTIMIT/dftimitreal/mjar0/sx8,86
/home/cnn3d/Escritorio/tfm/DeepfakeTIMIT/dftimitreal/mjar0/sa1,87
/home/cnn3d/Escritorio/tfm/DeepfakeTIMIT/dftimitreal/mjar0/sx278,88
/home/cnn3d/Escritorio/tfm/DeepfakeTIMIT/dftimitreal/mjar0/sa2,89
/home/cnn3d/Escritorio/tfm/DeepfakeTIMIT/dftimitreal/fcmr0/sx295,90
/home/cnn3d/Escritorio/tfm/DeepfakeTIMIT/dftimitreal/fcmr0/si1105,91
/home/cnn3d/Escritorio/tfm/DeepfakeTIMIT/dftimitreal/fcmr0/sx115,92
/home/cnn3d/Escritorio/tfm/DeepfakeTIMIT/dftimitreal/fcmr0/si475,93
/home/cnn3d/Escritorio/tfm/DeepfakeTIMIT/dftimitreal/fcmr0/sa1,94
/home/cnn3d/Escritorio/tfm/DeepfakeTIMIT/dftimitreal/fcmr0/sa2,95
/home/cnn3d/Escritorio/tfm/DeepfakeTIMIT/dftimitreal/fcmr0/sx385,96
/home/cnn3d/Escritorio/tfm/DeepfakeTIMIT/dftimitreal/fcmr0/sx25,97
/home/cnn3d/Escritorio/tfm/DeepfakeTIMIT/dftimitreal/fcmr0/sx205,98
/home/cnn3d/Escritorio/tfm/DeepfakeTIMIT/dftimitreal/fcmr0/si1735,99
/home/cnn3d/Escritorio/tfm/DeepfakeTIMIT/dftimitreal/mtmr0/sx133,100
/home/cnn3d/Escritorio/tfm/DeepfakeTIMIT/dftimitreal/mtmr0/si1933,101
/home/cnn3d/Escritorio/tfm/DeepfakeTIMIT/dftimitreal/mtmr0/sx43,102
/home/cnn3d/Escritorio/tfm/DeepfakeTIMIT/dftimitreal/mtmr0/si1303,103
/home/cnn3d/Escritorio/tfm/DeepfakeTIMIT/dftimitreal/mtmr0/sx223,104
/home/cnn3d/Escritorio/tfm/DeepfakeTIMIT/dftimitreal/mtmr0/sx403,105
/home/cnn3d/Escritorio/tfm/DeepfakeTIMIT/dftimitreal/mtmr0/si673,106
/home/cnn3d/Escritorio/tfm/DeepfakeTIMIT/dftimitreal/mtmr0/sx313,107
/home/cnn3d/Escritorio/tfm/DeepfakeTIMIT/dftimitreal/mtmr0/sa1,108
/home/cnn3d/Escritorio/tfm/DeepfakeTIMIT/dftimitreal/mtmr0/sa2,109
/home/cnn3d/Escritorio/tfm/DeepfakeTIMIT/dftimitreal/fcft0/sx98,110
/home/cnn3d/Escritorio/tfm/DeepfakeTIMIT/dftimitreal/fcft0/si548,111
/home/cnn3d/Escritorio/tfm/DeepfakeTIMIT/dftimitreal/fcft0/sx368,112
/home/cnn3d/Escritorio/tfm/DeepfakeTIMIT/dftimitreal/fcft0/si1178,113
/home/cnn3d/Escritorio/tfm/DeepfakeTIMIT/dftimitreal/fcft0/sx188,114
/home/cnn3d/Escritorio/tfm/DeepfakeTIMIT/dftimitreal/fcft0/sx8,115
/home/cnn3d/Escritorio/tfm/DeepfakeTIMIT/dftimitreal/fcft0/si1808,116
/home/cnn3d/Escritorio/tfm/DeepfakeTIMIT/dftimitreal/fcft0/sa1,117
/home/cnn3d/Escritorio/tfm/DeepfakeTIMIT/dftimitreal/fcft0/sx278,118
/home/cnn3d/Escritorio/tfm/DeepfakeTIMIT/dftimitreal/fcft0/sa2,119
/home/cnn3d/Escritorio/tfm/DeepfakeTIMIT/dftimitreal/fadg0/sx109,120
/home/cnn3d/Escritorio/tfm/DeepfakeTIMIT/dftimitreal/fadg0/sx199,121
/home/cnn3d/Escritorio/tfm/DeepfakeTIMIT/dftimitreal/fadg0/sx19,122
/home/cnn3d/Escritorio/tfm/DeepfakeTIMIT/dftimitreal/fadg0/si1279,123
/home/cnn3d/Escritorio/tfm/DeepfakeTIMIT/dftimitreal/fadg0/sa1,124
/home/cnn3d/Escritorio/tfm/DeepfakeTIMIT/dftimitreal/fadg0/sx379,125
/home/cnn3d/Escritorio/tfm/DeepfakeTIMIT/dftimitreal/fadg0/sa2,126
/home/cnn3d/Escritorio/tfm/DeepfakeTIMIT/dftimitreal/fadg0/si649,127
/home/cnn3d/Escritorio/tfm/DeepfakeTIMIT/dftimitreal/fadg0/sx289,128
/home/cnn3d/Escritorio/tfm/DeepfakeTIMIT/dftimitreal/fadg0/si1909,129
/home/cnn3d/Escritorio/tfm/DeepfakeTIMIT/dftimitreal/mpgl0/si469,130
/home/cnn3d/Escritorio/tfm/DeepfakeTIMIT/dftimitreal/mpgl0/si1099,131
/home/cnn3d/Escritorio/tfm/DeepfakeTIMIT/dftimitreal/mpgl0/sx109,132
/home/cnn3d/Escritorio/tfm/DeepfakeTIMIT/dftimitreal/mpgl0/sx199,133
/home/cnn3d/Escritorio/tfm/DeepfakeTIMIT/dftimitreal/mpgl0/sx19,134
/home/cnn3d/Escritorio/tfm/DeepfakeTIMIT/dftimitreal/mpgl0/si1729,135
/home/cnn3d/Escritorio/tfm/DeepfakeTIMIT/dftimitreal/mpgl0/sa1,136
/home/cnn3d/Escritorio/tfm/DeepfakeTIMIT/dftimitreal/mpgl0/sx379,137
/home/cnn3d/Escritorio/tfm/DeepfakeTIMIT/dftimitreal/mpgl0/sa2,138
/home/cnn3d/Escritorio/tfm/DeepfakeTIMIT/dftimitreal/mpgl0/sx289,139
/home/cnn3d/Escritorio/tfm/DeepfakeTIMIT/dftimitreal/fjas0/sx410,140
/home/cnn3d/Escritorio/tfm/DeepfakeTIMIT/dftimitreal/fjas0/si1400,141
/home/cnn3d/Escritorio/tfm/DeepfakeTIMIT/dftimitreal/fjas0/sx230,142
/home/cnn3d/Escritorio/tfm/DeepfakeTIMIT/dftimitreal/fjas0/sx50,143
/home/cnn3d/Escritorio/tfm/DeepfakeTIMIT/dftimitreal/fjas0/si2030,144
/home/cnn3d/Escritorio/tfm/DeepfakeTIMIT/dftimitreal/fjas0/sx320,145
/home/cnn3d/Escritorio/tfm/DeepfakeTIMIT/dftimitreal/fjas0/sa1,146
/home/cnn3d/Escritorio/tfm/DeepfakeTIMIT/dftimitreal/fjas0/sa2,147
/home/cnn3d/Escritorio/tfm/DeepfakeTIMIT/dftimitreal/fjas0/si770,148
/home/cnn3d/Escritorio/tfm/DeepfakeTIMIT/dftimitreal/fjas0/sx140,149
/home/cnn3d/Escritorio/tfm/DeepfakeTIMIT/dftimitreal/fpkt0/si2168,150
/home/cnn3d/Escritorio/tfm/DeepfakeTIMIT/dftimitreal/fpkt0/sx98,151
/home/cnn3d/Escritorio/tfm/DeepfakeTIMIT/dftimitreal/fpkt0/si908,152
/home/cnn3d/Escritorio/tfm/DeepfakeTIMIT/dftimitreal/fpkt0/sx368,153
/home/cnn3d/Escritorio/tfm/DeepfakeTIMIT/dftimitreal/fpkt0/sx188,154
/home/cnn3d/Escritorio/tfm/DeepfakeTIMIT/dftimitreal/fpkt0/sx8,155
/home/cnn3d/Escritorio/tfm/DeepfakeTIMIT/dftimitreal/fpkt0/si1538,156
/home/cnn3d/Escritorio/tfm/DeepfakeTIMIT/dftimitreal/fpkt0/sa1,157
/home/cnn3d/Escritorio/tfm/DeepfakeTIMIT/dftimitreal/fpkt0/sx278,158
/home/cnn3d/Escritorio/tfm/DeepfakeTIMIT/dftimitreal/fpkt0/sa2,159
/home/cnn3d/Escritorio/tfm/DeepfakeTIMIT/dftimitreal/mrcz0/si1541,160
/home/cnn3d/Escritorio/tfm/DeepfakeTIMIT/dftimitreal/mrcz0/sx281,161
/home/cnn3d/Escritorio/tfm/DeepfakeTIMIT/dftimitreal/mrcz0/si2171,162
/home/cnn3d/Escritorio/tfm/DeepfakeTIMIT/dftimitreal/mrcz0/sx101,163
/home/cnn3d/Escritorio/tfm/DeepfakeTIMIT/dftimitreal/mrcz0/sx371,164
/home/cnn3d/Escritorio/tfm/DeepfakeTIMIT/dftimitreal/mrcz0/sa1,165
/home/cnn3d/Escritorio/tfm/DeepfakeTIMIT/dftimitreal/mrcz0/sx191,166
/home/cnn3d/Escritorio/tfm/DeepfakeTIMIT/dftimitreal/mrcz0/sa2,167
/home/cnn3d/Escritorio/tfm/DeepfakeTIMIT/dftimitreal/mrcz0/si911,168
/home/cnn3d/Escritorio/tfm/DeepfakeTIMIT/dftimitreal/mrcz0/sx11,169
/home/cnn3d/Escritorio/tfm/DeepfakeTIMIT/dftimitreal/fedw0/sx364,170
/home/cnn3d/Escritorio/tfm/DeepfakeTIMIT/dftimitreal/fedw0/si1653,171
/home/cnn3d/Escritorio/tfm/DeepfakeTIMIT/dftimitreal/fedw0/si1714,172
/home/cnn3d/Escritorio/tfm/DeepfakeTIMIT/dftimitreal/fedw0/sx4,173
/home/cnn3d/Escritorio/tfm/DeepfakeTIMIT/dftimitreal/fedw0/sa1,174
/home/cnn3d/Escritorio/tfm/DeepfakeTIMIT/dftimitreal/fedw0/sa2,175
/home/cnn3d/Escritorio/tfm/DeepfakeTIMIT/dftimitreal/fedw0/sx274,176
/home/cnn3d/Escritorio/tfm/DeepfakeTIMIT/dftimitreal/fedw0/sx184,177
/home/cnn3d/Escritorio/tfm/DeepfakeTIMIT/dftimitreal/fedw0/si1084,178
/home/cnn3d/Escritorio/tfm/DeepfakeTIMIT/dftimitreal/fedw0/sx94,179
/home/cnn3d/Escritorio/tfm/DeepfakeTIMIT/dftimitreal/mwbt0/si923,180
/home/cnn3d/Escritorio/tfm/DeepfakeTIMIT/dftimitreal/mwbt0/sx293,181
/home/cnn3d/Escritorio/tfm/DeepfakeTIMIT/dftimitreal/mwbt0/sx203,182
/home/cnn3d/Escritorio/tfm/DeepfakeTIMIT/dftimitreal/mwbt0/si1553,183
/home/cnn3d/Escritorio/tfm/DeepfakeTIMIT/dftimitreal/mwbt0/si2183,184
/home/cnn3d/Escritorio/tfm/DeepfakeTIMIT/dftimitreal/mwbt0/sa1,185
/home/cnn3d/Escritorio/tfm/DeepfakeTIMIT/dftimitreal/mwbt0/sa2,186
/home/cnn3d/Escritorio/tfm/DeepfakeTIMIT/dftimitreal/mwbt0/sx23,187
/home/cnn3d/Escritorio/tfm/DeepfakeTIMIT/dftimitreal/mwbt0/sx113,188
/home/cnn3d/Escritorio/tfm/DeepfakeTIMIT/dftimitreal/mwbt0/sx383,189
/home/cnn3d/Escritorio/tfm/DeepfakeTIMIT/dftimitreal/mccs0/si839,190
/home/cnn3d/Escritorio/tfm/DeepfakeTIMIT/dftimitreal/mccs0/sx209,191
/home/cnn3d/Escritorio/tfm/DeepfakeTIMIT/dftimitreal/mccs0/sx119,192
/home/cnn3d/Escritorio/tfm/DeepfakeTIMIT/dftimitreal/mccs0/si1469,193
/home/cnn3d/Escritorio/tfm/DeepfakeTIMIT/dftimitreal/mccs0/sa1,194
/home/cnn3d/Escritorio/tfm/DeepfakeTIMIT/dftimitreal/mccs0/sx29,195
/home/cnn3d/Escritorio/tfm/DeepfakeTIMIT/dftimitreal/mccs0/sa2,196
/home/cnn3d/Escritorio/tfm/DeepfakeTIMIT/dftimitreal/mccs0/sx299,197
/home/cnn3d/Escritorio/tfm/DeepfakeTIMIT/dftimitreal/mccs0/si2099,198
/home/cnn3d/Escritorio/tfm/DeepfakeTIMIT/dftimitreal/mccs0/sx389,199
/home/cnn3d/Escritorio/tfm/DeepfakeTIMIT/dftimitreal/fdrd1/si2149,200
/home/cnn3d/Escritorio/tfm/DeepfakeTIMIT/dftimitreal/fdrd1/si1544,201
/home/cnn3d/Escritorio/tfm/DeepfakeTIMIT/dftimitreal/fdrd1/si1566,202
/home/cnn3d/Escritorio/tfm/DeepfakeTIMIT/dftimitreal/fdrd1/sx194,203
/home/cnn3d/Escritorio/tfm/DeepfakeTIMIT/dftimitreal/fdrd1/sa1,204
/home/cnn3d/Escritorio/tfm/DeepfakeTIMIT/dftimitreal/fdrd1/sx14,205
/home/cnn3d/Escritorio/tfm/DeepfakeTIMIT/dftimitreal/fdrd1/sx104,206
/home/cnn3d/Escritorio/tfm/DeepfakeTIMIT/dftimitreal/fdrd1/sa2,207
/home/cnn3d/Escritorio/tfm/DeepfakeTIMIT/dftimitreal/fdrd1/sx374,208
/home/cnn3d/Escritorio/tfm/DeepfakeTIMIT/dftimitreal/fdrd1/sx284,209
/home/cnn3d/Escritorio/tfm/DeepfakeTIMIT/dftimitreal/mgwt0/sx99,210
/home/cnn3d/Escritorio/tfm/DeepfakeTIMIT/dftimitreal/mgwt0/sx9,211
/home/cnn3d/Escritorio/tfm/DeepfakeTIMIT/dftimitreal/mgwt0/si909,212
/home/cnn3d/Escritorio/tfm/DeepfakeTIMIT/dftimitreal/mgwt0/sx189,213
/home/cnn3d/Escritorio/tfm/DeepfakeTIMIT/dftimitreal/mgwt0/sx369,214
/home/cnn3d/Escritorio/tfm/DeepfakeTIMIT/dftimitreal/mgwt0/sx279,215
/home/cnn3d/Escritorio/tfm/DeepfakeTIMIT/dftimitreal/mgwt0/sa1,216
/home/cnn3d/Escritorio/tfm/DeepfakeTIMIT/dftimitreal/mgwt0/sa2,217
/home/cnn3d/Escritorio/tfm/DeepfakeTIMIT/dftimitreal/mgwt0/si2169,218
/home/cnn3d/Escritorio/tfm/DeepfakeTIMIT/dftimitreal/mgwt0/si1539,219
/home/cnn3d/Escritorio/tfm/DeepfakeTIMIT/dftimitreal/fjwb0/si635,220
/home/cnn3d/Escritorio/tfm/DeepfakeTIMIT/dftimitreal/fjwb0/sx5,221
/home/cnn3d/Escritorio/tfm/DeepfakeTIMIT/dftimitreal/fjwb0/sx185,222
/home/cnn3d/Escritorio/tfm/DeepfakeTIMIT/dftimitreal/fjwb0/sx365,223
/home/cnn3d/Escritorio/tfm/DeepfakeTIMIT/dftimitreal/fjwb0/sa1,224
/home/cnn3d/Escritorio/tfm/DeepfakeTIMIT/dftimitreal/fjwb0/si992,225
/home/cnn3d/Escritorio/tfm/DeepfakeTIMIT/dftimitreal/fjwb0/si1265,226
/home/cnn3d/Escritorio/tfm/DeepfakeTIMIT/dftimitreal/fjwb0/sa2,227
/home/cnn3d/Escritorio/tfm/DeepfakeTIMIT/dftimitreal/fjwb0/sx275,228
/home/cnn3d/Escritorio/tfm/DeepfakeTIMIT/dftimitreal/fjwb0/sx95,229
/home/cnn3d/Escritorio/tfm/DeepfakeTIMIT/dftimitreal/mdbb0/si565,230
/home/cnn3d/Escritorio/tfm/DeepfakeTIMIT/dftimitreal/mdbb0/sx295,231
/home/cnn3d/Escritorio/tfm/DeepfakeTIMIT/dftimitreal/mdbb0/sx115,232
/home/cnn3d/Escritorio/tfm/DeepfakeTIMIT/dftimitreal/mdbb0/si1825,233
/home/cnn3d/Escritorio/tfm/DeepfakeTIMIT/dftimitreal/mdbb0/sx1195,234
/home/cnn3d/Escritorio/tfm/DeepfakeTIMIT/dftimitreal/mdbb0/sa1,235
/home/cnn3d/Escritorio/tfm/DeepfakeTIMIT/dftimitreal/mdbb0/sa2,236
/home/cnn3d/Escritorio/tfm/DeepfakeTIMIT/dftimitreal/mdbb0/sx385,237
/home/cnn3d/Escritorio/tfm/DeepfakeTIMIT/dftimitreal/mdbb0/sx25,238
/home/cnn3d/Escritorio/tfm/DeepfakeTIMIT/dftimitreal/mdbb0/sx205,239
/home/cnn3d/Escritorio/tfm/DeepfakeTIMIT/dftimitreal/mreb0/sx295,240
/home/cnn3d/Escritorio/tfm/DeepfakeTIMIT/dftimitreal/mreb0/si745,241
/home/cnn3d/Escritorio/tfm/DeepfakeTIMIT/dftimitreal/mreb0/sx115,242
/home/cnn3d/Escritorio/tfm/DeepfakeTIMIT/dftimitreal/mreb0/si1375,243
/home/cnn3d/Escritorio/tfm/DeepfakeTIMIT/dftimitreal/mreb0/sa1,244
/home/cnn3d/Escritorio/tfm/DeepfakeTIMIT/dftimitreal/mreb0/sa2,245
/home/cnn3d/Escritorio/tfm/DeepfakeTIMIT/dftimitreal/mreb0/sx385,246
/home/cnn3d/Escritorio/tfm/DeepfakeTIMIT/dftimitreal/mreb0/sx25,247
/home/cnn3d/Escritorio/tfm/DeepfakeTIMIT/dftimitreal/mreb0/sx205,248
/home/cnn3d/Escritorio/tfm/DeepfakeTIMIT/dftimitreal/mreb0/si2005,249
/home/cnn3d/Escritorio/tfm/DeepfakeTIMIT/dftimitreal/mjsw0/sx20,250
/home/cnn3d/Escritorio/tfm/DeepfakeTIMIT/dftimitreal/mjsw0/sx110,251
/home/cnn3d/Escritorio/tfm/DeepfakeTIMIT/dftimitreal/mjsw0/sx200,252
/home/cnn3d/Escritorio/tfm/DeepfakeTIMIT/dftimitreal/mjsw0/si1010,253
/home/cnn3d/Escritorio/tfm/DeepfakeTIMIT/dftimitreal/mjsw0/si2270,254
/home/cnn3d/Escritorio/tfm/DeepfakeTIMIT/dftimitreal/mjsw0/sa1,255
/home/cnn3d/Escritorio/tfm/DeepfakeTIMIT/dftimitreal/mjsw0/sx380,256
/home/cnn3d/Escritorio/tfm/DeepfakeTIMIT/dftimitreal/mjsw0/sa2,257
/home/cnn3d/Escritorio/tfm/DeepfakeTIMIT/dftimitreal/mjsw0/si1640,258
/home/cnn3d/Escritorio/tfm/DeepfakeTIMIT/dftimitreal/mjsw0/sx290,259
/home/cnn3d/Escritorio/tfm/DeepfakeTIMIT/dftimitreal/msjs1/sx99,260
/home/cnn3d/Escritorio/tfm/DeepfakeTIMIT/dftimitreal/msjs1/sx9,261
/home/cnn3d/Escritorio/tfm/DeepfakeTIMIT/dftimitreal/msjs1/si1899,262
/home/cnn3d/Escritorio/tfm/DeepfakeTIMIT/dftimitreal/msjs1/sx189,263
/home/cnn3d/Escritorio/tfm/DeepfakeTIMIT/dftimitreal/msjs1/sx369,264
/home/cnn3d/Escritorio/tfm/DeepfakeTIMIT/dftimitreal/msjs1/si869,265
/home/cnn3d/Escritorio/tfm/DeepfakeTIMIT/dftimitreal/msjs1/sx279,266
/home/cnn3d/Escritorio/tfm/DeepfakeTIMIT/dftimitreal/msjs1/sa1,267
/home/cnn3d/Escritorio/tfm/DeepfakeTIMIT/dftimitreal/msjs1/sa2,268
/home/cnn3d/Escritorio/tfm/DeepfakeTIMIT/dftimitreal/msjs1/si639,269
/home/cnn3d/Escritorio/tfm/DeepfakeTIMIT/dftimitreal/fdms0/si1848,270
/home/cnn3d/Escritorio/tfm/DeepfakeTIMIT/dftimitreal/fdms0/sx48,271
/home/cnn3d/Escritorio/tfm/DeepfakeTIMIT/dftimitreal/fdms0/sx228,272
/home/cnn3d/Escritorio/tfm/DeepfakeTIMIT/dftimitreal/fdms0/sx138,273
/home/cnn3d/Escritorio/tfm/DeepfakeTIMIT/dftimitreal/fdms0/sx408,274
/home/cnn3d/Escritorio/tfm/DeepfakeTIMIT/dftimitreal/fdms0/sa1,275
/home/cnn3d/Escritorio/tfm/DeepfakeTIMIT/dftimitreal/fdms0/sa2,276
/home/cnn3d/Escritorio/tfm/DeepfakeTIMIT/dftimitreal/fdms0/sx318,277
/home/cnn3d/Escritorio/tfm/DeepfakeTIMIT/dftimitreal/fdms0/si1218,278
/home/cnn3d/Escritorio/tfm/DeepfakeTIMIT/dftimitreal/fdms0/si1502,279
/home/cnn3d/Escritorio/tfm/DeepfakeTIMIT/dftimitreal/fgjd0/si1179,280
/home/cnn3d/Escritorio/tfm/DeepfakeTIMIT/dftimitreal/fgjd0/sx99,281
/home/cnn3d/Escritorio/tfm/DeepfakeTIMIT/dftimitreal/fgjd0/sx9,282
/home/cnn3d/Escritorio/tfm/DeepfakeTIMIT/dftimitreal/fgjd0/si549,283
/home/cnn3d/Escritorio/tfm/DeepfakeTIMIT/dftimitreal/fgjd0/sx189,284
/home/cnn3d/Escritorio/tfm/DeepfakeTIMIT/dftimitreal/fgjd0/sx369,285
/home/cnn3d/Escritorio/tfm/DeepfakeTIMIT/dftimitreal/fgjd0/sx279,286
/home/cnn3d/Escritorio/tfm/DeepfakeTIMIT/dftimitreal/fgjd0/sa1,287
/home/cnn3d/Escritorio/tfm/DeepfakeTIMIT/dftimitreal/fgjd0/sa2,288
/home/cnn3d/Escritorio/tfm/DeepfakeTIMIT/dftimitreal/fgjd0/si818,289
/home/cnn3d/Escritorio/tfm/DeepfakeTIMIT/dftimitreal/mdab0/si1039,290
/home/cnn3d/Escritorio/tfm/DeepfakeTIMIT/dftimitreal/mdab0/sx319,291
/home/cnn3d/Escritorio/tfm/DeepfakeTIMIT/dftimitreal/mdab0/sx49,292
/home/cnn3d/Escritorio/tfm/DeepfakeTIMIT/dftimitreal/mdab0/sx229,293
/home/cnn3d/Escritorio/tfm/DeepfakeTIMIT/dftimitreal/mdab0/si2299,294
/home/cnn3d/Escritorio/tfm/DeepfakeTIMIT/dftimitreal/mdab0/sx409,295
/home/cnn3d/Escritorio/tfm/DeepfakeTIMIT/dftimitreal/mdab0/sx139,296
/home/cnn3d/Escritorio/tfm/DeepfakeTIMIT/dftimitreal/mdab0/si1669,297
/home/cnn3d/Escritorio/tfm/DeepfakeTIMIT/dftimitreal/mdab0/sa1,298
/home/cnn3d/Escritorio/tfm/DeepfakeTIMIT/dftimitreal/mdab0/sa2,299
/home/cnn3d/Escritorio/tfm/DeepfakeTIMIT/dftimitreal/mbdg0/si2093,300
/home/cnn3d/Escritorio/tfm/DeepfakeTIMIT/dftimitreal/mbdg0/sx293,301
/home/cnn3d/Escritorio/tfm/DeepfakeTIMIT/dftimitreal/mbdg0/sx203,302
/home/cnn3d/Escritorio/tfm/DeepfakeTIMIT/dftimitreal/mbdg0/si833,303
/home/cnn3d/Escritorio/tfm/DeepfakeTIMIT/dftimitreal/mbdg0/sa1,304
/home/cnn3d/Escritorio/tfm/DeepfakeTIMIT/dftimitreal/mbdg0/sa2,305
/home/cnn3d/Escritorio/tfm/DeepfakeTIMIT/dftimitreal/mbdg0/sx23,306
/home/cnn3d/Escritorio/tfm/DeepfakeTIMIT/dftimitreal/mbdg0/sx113,307
/home/cnn3d/Escritorio/tfm/DeepfakeTIMIT/dftimitreal/mbdg0/sx383,308
/home/cnn3d/Escritorio/tfm/DeepfakeTIMIT/dftimitreal/mbdg0/si1463,309
/home/cnn3d/Escritorio/tfm/DeepfakeTIMIT/dftimitreal/fram1/sx100,310
/home/cnn3d/Escritorio/tfm/DeepfakeTIMIT/dftimitreal/fram1/sx10,311
/home/cnn3d/Escritorio/tfm/DeepfakeTIMIT/dftimitreal/fram1/si1360,312
/home/cnn3d/Escritorio/tfm/DeepfakeTIMIT/dftimitreal/fram1/sa1,313
/home/cnn3d/Escritorio/tfm/DeepfakeTIMIT/dftimitreal/fram1/sa2,314
/home/cnn3d/Escritorio/tfm/DeepfakeTIMIT/dftimitreal/fram1/sx370,315
/home/cnn3d/Escritorio/tfm/DeepfakeTIMIT/dftimitreal/fram1/si522,316
/home/cnn3d/Escritorio/tfm/DeepfakeTIMIT/dftimitreal/fram1/sx190,317
/home/cnn3d/Escritorio/tfm/DeepfakeTIMIT/dftimitreal/fram1/sx280,318
/home/cnn3d/Escritorio/tfm/DeepfakeTIMIT/dftimitreal/fram1/si730,319
/home/cnn3d/Escritorio/tfm/DeepfakeTIMIT/dftimitreal/fkms0/si1490,320
/home/cnn3d/Escritorio/tfm/DeepfakeTIMIT/dftimitreal/fkms0/sx410,321
/home/cnn3d/Escritorio/tfm/DeepfakeTIMIT/dftimitreal/fkms0/sx230,322
/home/cnn3d/Escritorio/tfm/DeepfakeTIMIT/dftimitreal/fkms0/sx50,323
/home/cnn3d/Escritorio/tfm/DeepfakeTIMIT/dftimitreal/fkms0/sx320,324
/home/cnn3d/Escritorio/tfm/DeepfakeTIMIT/dftimitreal/fkms0/si2120,325
/home/cnn3d/Escritorio/tfm/DeepfakeTIMIT/dftimitreal/fkms0/sa1,326
/home/cnn3d/Escritorio/tfm/DeepfakeTIMIT/dftimitreal/fkms0/sa2,327
/home/cnn3d/Escritorio/tfm/DeepfakeTIMIT/dftimitreal/fkms0/sx140,328
/home/cnn3d/Escritorio/tfm/DeepfakeTIMIT/dftimitreal/fkms0/si860,329
/home/cnn3d/Escritorio/tfm/DeepfakeTIMIT/dftimitreal/mrjo0/si1364,330
/home/cnn3d/Escritorio/tfm/DeepfakeTIMIT/dftimitreal/mrjo0/sx194,331
/home/cnn3d/Escritorio/tfm/DeepfakeTIMIT/dftimitreal/mrjo0/sa1,332
/home/cnn3d/Escritorio/tfm/DeepfakeTIMIT/dftimitreal/mrjo0/sx14,333
/home/cnn3d/Escritorio/tfm/DeepfakeTIMIT/dftimitreal/mrjo0/sx104,334
/home/cnn3d/Escritorio/tfm/DeepfakeTIMIT/dftimitreal/mrjo0/si1624,335
/home/cnn3d/Escritorio/tfm/DeepfakeTIMIT/dftimitreal/mrjo0/si734,336
/home/cnn3d/Escritorio/tfm/DeepfakeTIMIT/dftimitreal/mrjo0/sa2,337
/home/cnn3d/Escritorio/tfm/DeepfakeTIMIT/dftimitreal/mrjo0/sx374,338
/home/cnn3d/Escritorio/tfm/DeepfakeTIMIT/dftimitreal/mrjo0/sx284,339
/home/cnn3d/Escritorio/tfm/DeepfakeTIMIT/dftimitreal/mdld0/si1543,340
/home/cnn3d/Escritorio/tfm/DeepfakeTIMIT/dftimitreal/mdld0/si913,341
/home/cnn3d/Escritorio/tfm/DeepfakeTIMIT/dftimitreal/mdld0/sa1,342
/home/cnn3d/Escritorio/tfm/DeepfakeTIMIT/dftimitreal/mdld0/sa2,343
/home/cnn3d/Escritorio/tfm/DeepfakeTIMIT/dftimitreal/mdld0/sx193,344
/home/cnn3d/Escritorio/tfm/DeepfakeTIMIT/dftimitreal/mdld0/sx13,345
/home/cnn3d/Escritorio/tfm/DeepfakeTIMIT/dftimitreal/mdld0/si2173,346
/home/cnn3d/Escritorio/tfm/DeepfakeTIMIT/dftimitreal/mdld0/sx283,347
/home/cnn3d/Escritorio/tfm/DeepfakeTIMIT/dftimitreal/mdld0/sx373,348
/home/cnn3d/Escritorio/tfm/DeepfakeTIMIT/dftimitreal/mdld0/sx103,349
/home/cnn3d/Escritorio/tfm/DeepfakeTIMIT/dftimitreal/mpdf0/si912,350
/home/cnn3d/Escritorio/tfm/DeepfakeTIMIT/dftimitreal/mpdf0/sx282,351
/home/cnn3d/Escritorio/tfm/DeepfakeTIMIT/dftimitreal/mpdf0/si1542,352
/home/cnn3d/Escritorio/tfm/DeepfakeTIMIT/dftimitreal/mpdf0/sx12,353
/home/cnn3d/Escritorio/tfm/DeepfakeTIMIT/dftimitreal/mpdf0/si2172,354
/home/cnn3d/Escritorio/tfm/DeepfakeTIMIT/dftimitreal/mpdf0/sa1,355
/home/cnn3d/Escritorio/tfm/DeepfakeTIMIT/dftimitreal/mpdf0/sx372,356
/home/cnn3d/Escritorio/tfm/DeepfakeTIMIT/dftimitreal/mpdf0/sx102,357
/home/cnn3d/Escritorio/tfm/DeepfakeTIMIT/dftimitreal/mpdf0/sa2,358
/home/cnn3d/Escritorio/tfm/DeepfakeTIMIT/dftimitreal/mpdf0/sx192,359
/home/cnn3d/Escritorio/tfm/DeepfakeTIMIT/dftimitreal/mstk0/sx394,360
/home/cnn3d/Escritorio/tfm/DeepfakeTIMIT/dftimitreal/mstk0/sx34,361
/home/cnn3d/Escritorio/tfm/DeepfakeTIMIT/dftimitreal/mstk0/si1024,362
/home/cnn3d/Escritorio/tfm/DeepfakeTIMIT/dftimitreal/mstk0/si2222,363
/home/cnn3d/Escritorio/tfm/DeepfakeTIMIT/dftimitreal/mstk0/si2284,364
/home/cnn3d/Escritorio/tfm/DeepfakeTIMIT/dftimitreal/mstk0/sx124,365
/home/cnn3d/Escritorio/tfm/DeepfakeTIMIT/dftimitreal/mstk0/sa1,366
/home/cnn3d/Escritorio/tfm/DeepfakeTIMIT/dftimitreal/mstk0/sa2,367
/home/cnn3d/Escritorio/tfm/DeepfakeTIMIT/dftimitreal/mstk0/sx214,368
/home/cnn3d/Escritorio/tfm/DeepfakeTIMIT/dftimitreal/mstk0/sx304,369
/home/cnn3d/Escritorio/tfm/DeepfakeTIMIT/dftimitreal/fcrh0/si458,370
/home/cnn3d/Escritorio/tfm/DeepfakeTIMIT/dftimitreal/fcrh0/sx98,371
/home/cnn3d/Escritorio/tfm/DeepfakeTIMIT/dftimitreal/fcrh0/sx368,372
/home/cnn3d/Escritorio/tfm/DeepfakeTIMIT/dftimitreal/fcrh0/sx188,373
/home/cnn3d/Escritorio/tfm/DeepfakeTIMIT/dftimitreal/fcrh0/sx8,374
/home/cnn3d/Escritorio/tfm/DeepfakeTIMIT/dftimitreal/fcrh0/si1718,375
/home/cnn3d/Escritorio/tfm/DeepfakeTIMIT/dftimitreal/fcrh0/sa1,376
/home/cnn3d/Escritorio/tfm/DeepfakeTIMIT/dftimitreal/fcrh0/sx278,377
/home/cnn3d/Escritorio/tfm/DeepfakeTIMIT/dftimitreal/fcrh0/sa2,378
/home/cnn3d/Escritorio/tfm/DeepfakeTIMIT/dftimitreal/fcrh0/si1088,379
/home/cnn3d/Escritorio/tfm/DeepfakeTIMIT/dftimitreal/felc0/si2016,380
/home/cnn3d/Escritorio/tfm/DeepfakeTIMIT/dftimitreal/felc0/sx396,381
/home/cnn3d/Escritorio/tfm/DeepfakeTIMIT/dftimitreal/felc0/sx36,382
/home/cnn3d/Escritorio/tfm/DeepfakeTIMIT/dftimitreal/felc0/sx306,383
/home/cnn3d/Escritorio/tfm/DeepfakeTIMIT/dftimitreal/felc0/si1386,384
/home/cnn3d/Escritorio/tfm/DeepfakeTIMIT/dftimitreal/felc0/sa1,385
/home/cnn3d/Escritorio/tfm/DeepfakeTIMIT/dftimitreal/felc0/sa2,386
/home/cnn3d/Escritorio/tfm/DeepfakeTIMIT/dftimitreal/felc0/sx126,387
/home/cnn3d/Escritorio/tfm/DeepfakeTIMIT/dftimitreal/felc0/si756,388
/home/cnn3d/Escritorio/tfm/DeepfakeTIMIT/dftimitreal/felc0/sx216,389
/home/cnn3d/Escritorio/tfm/DeepfakeTIMIT/dftimitreal/fjre0/si1746,390
/home/cnn3d/Escritorio/tfm/DeepfakeTIMIT/dftimitreal/fjre0/sx396,391
/home/cnn3d/Escritorio/tfm/DeepfakeTIMIT/dftimitreal/fjre0/si1587,392
/home/cnn3d/Escritorio/tfm/DeepfakeTIMIT/dftimitreal/fjre0/si1116,393
/home/cnn3d/Escritorio/tfm/DeepfakeTIMIT/dftimitreal/fjre0/sx36,394
/home/cnn3d/Escritorio/tfm/DeepfakeTIMIT/dftimitreal/fjre0/sx306,395
/home/cnn3d/Escritorio/tfm/DeepfakeTIMIT/dftimitreal/fjre0/sa1,396
/home/cnn3d/Escritorio/tfm/DeepfakeTIMIT/dftimitreal/fjre0/sa2,397
/home/cnn3d/Escritorio/tfm/DeepfakeTIMIT/dftimitreal/fjre0/sx126,398
/home/cnn3d/Escritorio/tfm/DeepfakeTIMIT/dftimitreal/fjre0/sx216,399
/home/cnn3d/Escritorio/tfm/DeepfakeTIMIT/dftimitreal/mbjk0/sx5,400
/home/cnn3d/Escritorio/tfm/DeepfakeTIMIT/dftimitreal/mbjk0/sx185,401
/home/cnn3d/Escritorio/tfm/DeepfakeTIMIT/dftimitreal/mbjk0/sx365,402
/home/cnn3d/Escritorio/tfm/DeepfakeTIMIT/dftimitreal/mbjk0/si545,403
/home/cnn3d/Escritorio/tfm/DeepfakeTIMIT/dftimitreal/mbjk0/si2128,404
/home/cnn3d/Escritorio/tfm/DeepfakeTIMIT/dftimitreal/mbjk0/sa1,405
/home/cnn3d/Escritorio/tfm/DeepfakeTIMIT/dftimitreal/mbjk0/sa2,406
/home/cnn3d/Escritorio/tfm/DeepfakeTIMIT/dftimitreal/mbjk0/si1175,407
/home/cnn3d/Escritorio/tfm/DeepfakeTIMIT/dftimitreal/mbjk0/sx275,408
/home/cnn3d/Escritorio/tfm/DeepfakeTIMIT/dftimitreal/mbjk0/sx95,409
/home/cnn3d/Escritorio/tfm/DeepfakeTIMIT/dftimitreal/fdac1/sx394,410
/home/cnn3d/Escritorio/tfm/DeepfakeTIMIT/dftimitreal/fdac1/sx34,411
/home/cnn3d/Escritorio/tfm/DeepfakeTIMIT/dftimitreal/fdac1/si1474,412
/home/cnn3d/Escritorio/tfm/DeepfakeTIMIT/dftimitreal/fdac1/si2104,413
/home/cnn3d/Escritorio/tfm/DeepfakeTIMIT/dftimitreal/fdac1/sx124,414
/home/cnn3d/Escritorio/tfm/DeepfakeTIMIT/dftimitreal/fdac1/si844,415
/home/cnn3d/Escritorio/tfm/DeepfakeTIMIT/dftimitreal/fdac1/sa1,416
/home/cnn3d/Escritorio/tfm/DeepfakeTIMIT/dftimitreal/fdac1/sa2,417
/home/cnn3d/Escritorio/tfm/DeepfakeTIMIT/dftimitreal/fdac1/sx214,418
/home/cnn3d/Escritorio/tfm/DeepfakeTIMIT/dftimitreal/fdac1/sx304,419
/home/cnn3d/Escritorio/tfm/DeepfakeTIMIT/dftimitreal/mcem0/sx48,420
/home/cnn3d/Escritorio/tfm/DeepfakeTIMIT/dftimitreal/mcem0/sx228,421
/home/cnn3d/Escritorio/tfm/DeepfakeTIMIT/dftimitreal/mcem0/si768,422
/home/cnn3d/Escritorio/tfm/DeepfakeTIMIT/dftimitreal/mcem0/sx138,423
/home/cnn3d/Escritorio/tfm/DeepfakeTIMIT/dftimitreal/mcem0/sx408,424
/home/cnn3d/Escritorio/tfm/DeepfakeTIMIT/dftimitreal/mcem0/si2028,425
/home/cnn3d/Escritorio/tfm/DeepfakeTIMIT/dftimitreal/mcem0/si1398,426
/home/cnn3d/Escritorio/tfm/DeepfakeTIMIT/dftimitreal/mcem0/sa1,427
/home/cnn3d/Escritorio/tfm/DeepfakeTIMIT/dftimitreal/mcem0/sa2,428
/home/cnn3d/Escritorio/tfm/DeepfakeTIMIT/dftimitreal/mcem0/sx318,429
